nivel,metodo,heuristica,deadlocks,corrida,orden_sucesores,exito,motivo_fin,costo,empujes,nodos_expandidos,nodos_generados,frontera_maxima,frontera_final,estados_visitados,memoria_maxima,tiempo_s
n1_micro,BFS,—,ninguno,1,—,True,meta,8,5,38,94,12,11,50,62,0.000
n1_micro,BFS,—,ninguno,2,—,True,meta,8,5,38,94,12,11,50,62,0.000
n1_micro,BFS,—,ninguno,3,—,True,meta,8,5,38,94,12,11,50,62,0.000
n1_micro,BFS,—,ninguno,4,—,True,meta,8,5,38,94,12,11,50,62,0.000
n1_micro,BFS,—,ninguno,5,—,True,meta,8,5,38,94,12,11,50,62,0.000
n1_micro,BFS,—,estaticos,1,—,True,meta,8,5,35,85,10,8,44,53,0.000
n1_micro,BFS,—,estaticos,2,—,True,meta,8,5,35,85,10,8,44,53,0.000
n1_micro,BFS,—,estaticos,3,—,True,meta,8,5,35,85,10,8,44,53,0.000
n1_micro,BFS,—,estaticos,4,—,True,meta,8,5,35,85,10,8,44,53,0.000
n1_micro,BFS,—,estaticos,5,—,True,meta,8,5,35,85,10,8,44,53,0.000
n1_micro,BFS,—,congelados,1,—,True,meta,8,5,35,85,10,8,44,53,0.000
n1_micro,BFS,—,congelados,2,—,True,meta,8,5,35,85,10,8,44,53,0.000
n1_micro,BFS,—,congelados,3,—,True,meta,8,5,35,85,10,8,44,53,0.000
n1_micro,BFS,—,congelados,4,—,True,meta,8,5,35,85,10,8,44,53,0.000
n1_micro,BFS,—,congelados,5,—,True,meta,8,5,35,85,10,8,44,53,0.000
n1_micro,BFS,—,completo,1,—,True,meta,8,5,35,85,10,8,44,53,0.000
n1_micro,BFS,—,completo,2,—,True,meta,8,5,35,85,10,8,44,53,0.000
n1_micro,BFS,—,completo,3,—,True,meta,8,5,35,85,10,8,44,53,0.000
n1_micro,BFS,—,completo,4,—,True,meta,8,5,35,85,10,8,44,53,0.000
n1_micro,BFS,—,completo,5,—,True,meta,8,5,35,85,10,8,44,53,0.000
n2_akk04,BFS,—,ninguno,1,—,True,meta,45,18,44124,112849,2691,2654,46779,49434,0.179
n2_akk04,BFS,—,ninguno,2,—,True,meta,45,18,44124,112849,2691,2654,46779,49434,0.169
n2_akk04,BFS,—,ninguno,3,—,True,meta,45,18,44124,112849,2691,2654,46779,49434,0.201
n2_akk04,BFS,—,ninguno,4,—,True,meta,45,18,44124,112849,2691,2654,46779,49434,0.167
n2_akk04,BFS,—,ninguno,5,—,True,meta,45,18,44124,112849,2691,2654,46779,49434,0.166
n2_akk04,BFS,—,estaticos,1,—,True,meta,45,18,14178,35947,864,849,15028,15878,0.051
n2_akk04,BFS,—,estaticos,2,—,True,meta,45,18,14178,35947,864,849,15028,15878,0.051
n2_akk04,BFS,—,estaticos,3,—,True,meta,45,18,14178,35947,864,849,15028,15878,0.053
n2_akk04,BFS,—,estaticos,4,—,True,meta,45,18,14178,35947,864,849,15028,15878,0.053
n2_akk04,BFS,—,estaticos,5,—,True,meta,45,18,14178,35947,864,849,15028,15878,0.054
n2_akk04,BFS,—,congelados,1,—,True,meta,45,18,9839,24719,661,635,10475,11111,0.038
n2_akk04,BFS,—,congelados,2,—,True,meta,45,18,9839,24719,661,635,10475,11111,0.054
n2_akk04,BFS,—,congelados,3,—,True,meta,45,18,9839,24719,661,635,10475,11111,0.038
n2_akk04,BFS,—,congelados,4,—,True,meta,45,18,9839,24719,661,635,10475,11111,0.038
n2_akk04,BFS,—,congelados,5,—,True,meta,45,18,9839,24719,661,635,10475,11111,0.039
n2_akk04,BFS,—,completo,1,—,True,meta,45,18,9839,24719,661,635,10475,11111,0.038
n2_akk04,BFS,—,completo,2,—,True,meta,45,18,9839,24719,661,635,10475,11111,0.039
n2_akk04,BFS,—,completo,3,—,True,meta,45,18,9839,24719,661,635,10475,11111,0.038
n2_akk04,BFS,—,completo,4,—,True,meta,45,18,9839,24719,661,635,10475,11111,0.039
n2_akk04,BFS,—,completo,5,—,True,meta,45,18,9839,24719,661,635,10475,11111,0.038
n3_caminata,BFS,—,ninguno,1,—,True,meta,104,22,6360,15594,220,130,6491,6622,0.021
n3_caminata,BFS,—,ninguno,2,—,True,meta,104,22,6360,15594,220,130,6491,6622,0.020
n3_caminata,BFS,—,ninguno,3,—,True,meta,104,22,6360,15594,220,130,6491,6622,0.020
n3_caminata,BFS,—,ninguno,4,—,True,meta,104,22,6360,15594,220,130,6491,6622,0.020
n3_caminata,BFS,—,ninguno,5,—,True,meta,104,22,6360,15594,220,130,6491,6622,0.020
n3_caminata,BFS,—,estaticos,1,—,True,meta,104,22,2002,4802,79,9,2012,2022,0.006
n3_caminata,BFS,—,estaticos,2,—,True,meta,104,22,2002,4802,79,9,2012,2022,0.006
n3_caminata,BFS,—,estaticos,3,—,True,meta,104,22,2002,4802,79,9,2012,2022,0.006
n3_caminata,BFS,—,estaticos,4,—,True,meta,104,22,2002,4802,79,9,2012,2022,0.006
n3_caminata,BFS,—,estaticos,5,—,True,meta,104,22,2002,4802,79,9,2012,2022,0.006
n3_caminata,BFS,—,congelados,1,—,True,meta,104,22,2944,7094,119,28,2973,3002,0.010
n3_caminata,BFS,—,congelados,2,—,True,meta,104,22,2944,7094,119,28,2973,3002,0.010
n3_caminata,BFS,—,congelados,3,—,True,meta,104,22,2944,7094,119,28,2973,3002,0.010
n3_caminata,BFS,—,congelados,4,—,True,meta,104,22,2944,7094,119,28,2973,3002,0.010
n3_caminata,BFS,—,congelados,5,—,True,meta,104,22,2944,7094,119,28,2973,3002,0.010
n3_caminata,BFS,—,completo,1,—,True,meta,104,22,1816,4353,79,9,1826,1836,0.006
n3_caminata,BFS,—,completo,2,—,True,meta,104,22,1816,4353,79,9,1826,1836,0.006
n3_caminata,BFS,—,completo,3,—,True,meta,104,22,1816,4353,79,9,1826,1836,0.006
n3_caminata,BFS,—,completo,4,—,True,meta,104,22,1816,4353,79,9,1826,1836,0.006
n3_caminata,BFS,—,completo,5,—,True,meta,104,22,1816,4353,79,9,1826,1836,0.006
n4_matching,BFS,—,ninguno,1,—,True,meta,70,22,654260,1728078,21345,8508,662769,671278,3.228
n4_matching,BFS,—,ninguno,2,—,True,meta,70,22,654260,1728078,21345,8508,662769,671278,3.397
n4_matching,BFS,—,ninguno,3,—,True,meta,70,22,654260,1728078,21345,8508,662769,671278,3.245
n4_matching,BFS,—,ninguno,4,—,True,meta,70,22,654260,1728078,21345,8508,662769,671278,3.351
n4_matching,BFS,—,ninguno,5,—,True,meta,70,22,654260,1728078,21345,8508,662769,671278,3.390
n4_matching,BFS,—,estaticos,1,—,True,meta,70,22,73813,190358,2436,1063,74877,75941,0.301
n4_matching,BFS,—,estaticos,2,—,True,meta,70,22,73813,190358,2436,1063,74877,75941,0.314
n4_matching,BFS,—,estaticos,3,—,True,meta,70,22,73813,190358,2436,1063,74877,75941,0.285
n4_matching,BFS,—,estaticos,4,—,True,meta,70,22,73813,190358,2436,1063,74877,75941,0.285
n4_matching,BFS,—,estaticos,5,—,True,meta,70,22,73813,190358,2436,1063,74877,75941,0.308
n4_matching,BFS,—,congelados,1,—,True,meta,70,22,214466,555854,6552,3321,217788,221110,1.073
n4_matching,BFS,—,congelados,2,—,True,meta,70,22,214466,555854,6552,3321,217788,221110,1.036
n4_matching,BFS,—,congelados,3,—,True,meta,70,22,214466,555854,6552,3321,217788,221110,1.024
n4_matching,BFS,—,congelados,4,—,True,meta,70,22,214466,555854,6552,3321,217788,221110,1.014
n4_matching,BFS,—,congelados,5,—,True,meta,70,22,214466,555854,6552,3321,217788,221110,1.027
n4_matching,BFS,—,completo,1,—,True,meta,70,22,60410,155205,2028,947,61358,62306,0.251
n4_matching,BFS,—,completo,2,—,True,meta,70,22,60410,155205,2028,947,61358,62306,0.249
n4_matching,BFS,—,completo,3,—,True,meta,70,22,60410,155205,2028,947,61358,62306,0.251
n4_matching,BFS,—,completo,4,—,True,meta,70,22,60410,155205,2028,947,61358,62306,0.266
n4_matching,BFS,—,completo,5,—,True,meta,70,22,60410,155205,2028,947,61358,62306,0.249
n5_limite,BFS,—,ninguno,1,—,True,meta,306,99,2028239,5010835,20365,229,2028469,2028699,10.772
n5_limite,BFS,—,ninguno,2,—,True,meta,306,99,2028239,5010835,20365,229,2028469,2028699,11.073
n5_limite,BFS,—,ninguno,3,—,True,meta,306,99,2028239,5010835,20365,229,2028469,2028699,10.841
n5_limite,BFS,—,ninguno,4,—,True,meta,306,99,2028239,5010835,20365,229,2028469,2028699,10.792
n5_limite,BFS,—,ninguno,5,—,True,meta,306,99,2028239,5010835,20365,229,2028469,2028699,11.005
n5_limite,BFS,—,estaticos,1,—,True,meta,306,99,608999,1506359,6106,143,609143,609287,2.695
n5_limite,BFS,—,estaticos,2,—,True,meta,306,99,608999,1506359,6106,143,609143,609287,2.654
n5_limite,BFS,—,estaticos,3,—,True,meta,306,99,608999,1506359,6106,143,609143,609287,2.729
n5_limite,BFS,—,estaticos,4,—,True,meta,306,99,608999,1506359,6106,143,609143,609287,2.616
n5_limite,BFS,—,estaticos,5,—,True,meta,306,99,608999,1506359,6106,143,609143,609287,2.704
n5_limite,BFS,—,congelados,1,—,True,meta,306,99,508669,1258136,5509,99,508769,508869,2.372
n5_limite,BFS,—,congelados,2,—,True,meta,306,99,508669,1258136,5509,99,508769,508869,2.352
n5_limite,BFS,—,congelados,3,—,True,meta,306,99,508669,1258136,5509,99,508769,508869,2.333
n5_limite,BFS,—,congelados,4,—,True,meta,306,99,508669,1258136,5509,99,508769,508869,2.315
n5_limite,BFS,—,congelados,5,—,True,meta,306,99,508669,1258136,5509,99,508769,508869,2.299
n5_limite,BFS,—,completo,1,—,True,meta,306,99,429817,1064551,4917,99,429917,430017,1.949
n5_limite,BFS,—,completo,2,—,True,meta,306,99,429817,1064551,4917,99,429917,430017,1.953
n5_limite,BFS,—,completo,3,—,True,meta,306,99,429817,1064551,4917,99,429917,430017,1.990
n5_limite,BFS,—,completo,4,—,True,meta,306,99,429817,1064551,4917,99,429917,430017,2.020
n5_limite,BFS,—,completo,5,—,True,meta,306,99,429817,1064551,4917,99,429917,430017,1.878
n1_micro,DFS,—,completo,1,UDLR,True,meta,8,5,18,45,7,5,24,30,0.000
n1_micro,DFS,—,completo,1,UDRL,True,meta,8,5,18,45,7,5,24,30,0.000
n1_micro,DFS,—,completo,1,ULDR,True,meta,8,5,12,29,7,6,19,26,0.000
n1_micro,DFS,—,completo,1,ULRD,True,meta,8,5,12,29,7,6,19,26,0.000
n1_micro,DFS,—,completo,1,URDL,True,meta,8,5,18,45,7,5,24,30,0.000
n1_micro,DFS,—,completo,1,URLD,True,meta,8,5,12,29,7,6,19,26,0.000
n1_micro,DFS,—,completo,1,DULR,True,meta,8,5,36,91,7,2,39,46,0.000
n1_micro,DFS,—,completo,1,DURL,True,meta,8,5,36,91,7,2,39,46,0.000
n1_micro,DFS,—,completo,1,DLUR,True,meta,8,5,32,81,8,4,37,45,0.000
n1_micro,DFS,—,completo,1,DLRU,True,meta,8,5,52,123,6,2,55,61,0.000
n1_micro,DFS,—,completo,1,DRUL,True,meta,8,5,56,133,5,0,57,62,0.000
n1_micro,DFS,—,completo,1,DRLU,True,meta,8,5,55,130,5,1,57,62,0.000
n1_micro,DFS,—,completo,1,LUDR,True,meta,8,5,8,19,9,8,17,26,0.000
n1_micro,DFS,—,completo,1,LURD,True,meta,8,5,8,19,9,8,17,26,0.000
n1_micro,DFS,—,completo,1,LDUR,True,meta,8,5,31,78,9,5,37,46,0.000
n1_micro,DFS,—,completo,1,LDRU,True,meta,8,5,51,120,7,3,55,62,0.000
n1_micro,DFS,—,completo,1,LRUD,True,meta,8,5,28,61,7,6,35,42,0.000
n1_micro,DFS,—,completo,1,LRDU,True,meta,8,5,51,120,7,3,55,62,0.000
n1_micro,DFS,—,completo,1,RUDL,True,meta,8,5,38,87,5,3,42,46,0.000
n1_micro,DFS,—,completo,1,RULD,True,meta,8,5,32,71,5,4,37,42,0.000
n1_micro,DFS,—,completo,1,RDUL,True,meta,8,5,56,133,5,0,57,62,0.000
n1_micro,DFS,—,completo,1,RDLU,True,meta,8,5,55,130,5,1,57,62,0.000
n1_micro,DFS,—,completo,1,RLUD,True,meta,8,5,31,68,6,5,37,43,0.000
n1_micro,DFS,—,completo,1,RLDU,True,meta,8,5,54,127,6,2,57,63,0.000
n2_akk04,DFS,—,completo,1,UDLR,True,meta,137,40,5927,15127,149,78,6006,6087,0.022
n2_akk04,DFS,—,completo,1,UDRL,True,meta,153,38,3838,9874,150,101,3940,4046,0.014
n2_akk04,DFS,—,completo,1,ULDR,True,meta,139,42,6036,15345,193,79,6116,6198,0.022
n2_akk04,DFS,—,completo,1,ULRD,True,meta,157,44,5418,13488,133,90,5509,5602,0.020
n2_akk04,DFS,—,completo,1,URDL,True,meta,147,36,1329,3403,139,94,1424,1521,0.005
n2_akk04,DFS,—,completo,1,URLD,True,meta,159,44,2970,7530,138,96,3067,3164,0.011
n2_akk04,DFS,—,completo,1,DULR,True,meta,125,40,5103,13000,144,60,5164,5227,0.019
n2_akk04,DFS,—,completo,1,DURL,True,meta,147,42,5307,13581,128,87,5395,5483,0.020
n2_akk04,DFS,—,completo,1,DLUR,True,meta,121,38,6398,16285,105,54,6453,6510,0.023
n2_akk04,DFS,—,completo,1,DLRU,True,meta,125,36,6346,16168,117,50,6397,6449,0.038
n2_akk04,DFS,—,completo,1,DRUL,True,meta,161,46,5553,14194,121,83,5637,5721,0.020
n2_akk04,DFS,—,completo,1,DRLU,True,meta,167,40,5772,14730,117,68,5841,5911,0.021
n2_akk04,DFS,—,completo,1,LUDR,True,meta,179,48,8358,21197,134,90,8449,8542,0.030
n2_akk04,DFS,—,completo,1,LURD,True,meta,117,36,3395,8575,82,61,3457,3521,0.012
n2_akk04,DFS,—,completo,1,LDUR,True,meta,155,44,6767,17234,118,68,6836,6907,0.025
n2_akk04,DFS,—,completo,1,LDRU,True,meta,113,32,5987,15260,143,46,6034,6082,0.022
n2_akk04,DFS,—,completo,1,LRUD,True,meta,137,36,3302,8387,76,61,3364,3427,0.012
n2_akk04,DFS,—,completo,1,LRDU,True,meta,139,40,4251,10745,83,63,4315,4380,0.015
n2_akk04,DFS,—,completo,1,RUDL,True,meta,129,34,2778,7101,118,69,2848,2918,0.010
n2_akk04,DFS,—,completo,1,RULD,True,meta,175,52,3369,8561,118,92,3462,3555,0.013
n2_akk04,DFS,—,completo,1,RDUL,True,meta,151,40,3464,8816,114,73,3538,3612,0.013
n2_akk04,DFS,—,completo,1,RDLU,True,meta,159,40,3519,8948,93,70,3590,3661,0.013
n2_akk04,DFS,—,completo,1,RLUD,True,meta,167,40,2721,6946,88,74,2796,2871,0.010
n2_akk04,DFS,—,completo,1,RLDU,True,meta,181,46,3699,9399,87,76,3776,3853,0.015
n3_caminata,DFS,—,completo,1,UDLR,True,meta,200,42,854,2048,92,80,935,1019,0.003
n3_caminata,DFS,—,completo,1,UDRL,True,meta,430,60,1231,2919,151,138,1370,1521,0.004
n3_caminata,DFS,—,completo,1,ULDR,True,meta,224,44,798,1915,98,88,887,982,0.003
n3_caminata,DFS,—,completo,1,ULRD,True,meta,216,40,892,2114,101,90,983,1074,0.003
n3_caminata,DFS,—,completo,1,URDL,True,meta,366,56,1262,3008,146,132,1395,1531,0.004
n3_caminata,DFS,—,completo,1,URLD,True,meta,304,42,958,2278,116,105,1064,1170,0.003
n3_caminata,DFS,—,completo,1,DULR,True,meta,228,46,618,1506,108,95,714,814,0.002
n3_caminata,DFS,—,completo,1,DURL,True,meta,448,62,1183,2841,137,124,1308,1437,0.004
n3_caminata,DFS,—,completo,1,DLUR,True,meta,164,34,408,994,65,62,471,535,0.001
n3_caminata,DFS,—,completo,1,DLRU,True,meta,250,46,611,1468,97,93,705,800,0.002
n3_caminata,DFS,—,completo,1,DRUL,True,meta,416,60,1302,3127,118,112,1415,1532,0.004
n3_caminata,DFS,—,completo,1,DRLU,True,meta,220,42,687,1651,78,74,762,838,0.002
n3_caminata,DFS,—,completo,1,LUDR,True,meta,178,36,642,1552,71,66,709,779,0.002
n3_caminata,DFS,—,completo,1,LURD,True,meta,200,36,787,1874,84,81,869,951,0.003
n3_caminata,DFS,—,completo,1,LDUR,True,meta,176,34,423,1034,68,66,490,558,0.001
n3_caminata,DFS,—,completo,1,LDRU,True,meta,210,40,428,1039,88,85,514,601,0.001
n3_caminata,DFS,—,completo,1,LRUD,True,meta,236,26,1365,3273,137,80,1446,1527,0.005
n3_caminata,DFS,—,completo,1,LRDU,True,meta,368,60,1205,2922,134,132,1338,1472,0.004
n3_caminata,DFS,—,completo,1,RUDL,True,meta,378,58,1348,3218,137,123,1472,1599,0.005
n3_caminata,DFS,—,completo,1,RULD,True,meta,412,46,1149,2744,138,127,1277,1405,0.004
n3_caminata,DFS,—,completo,1,RDUL,True,meta,404,60,1181,2858,132,122,1304,1431,0.004
n3_caminata,DFS,—,completo,1,RDLU,True,meta,312,54,1412,3403,106,103,1516,1621,0.005
n3_caminata,DFS,—,completo,1,RLUD,True,meta,204,22,412,983,67,63,476,540,0.001
n3_caminata,DFS,—,completo,1,RLDU,True,meta,260,34,632,1536,89,87,720,809,0.002
n4_matching,DFS,—,completo,1,UDLR,True,meta,366,50,1945,4944,190,180,2126,2308,0.007
n4_matching,DFS,—,completo,1,UDRL,True,meta,408,56,1448,3731,204,195,1644,1841,0.005
n4_matching,DFS,—,completo,1,ULDR,True,meta,388,54,3791,9613,188,181,3973,4157,0.014
n4_matching,DFS,—,completo,1,ULRD,True,meta,402,54,3777,9586,217,197,3975,4173,0.013
n4_matching,DFS,—,completo,1,URDL,True,meta,336,54,1498,3848,160,157,1656,1815,0.006
n4_matching,DFS,—,completo,1,URLD,True,meta,260,42,3567,9035,138,117,3685,3803,0.013
n4_matching,DFS,—,completo,1,DULR,True,meta,512,74,1180,3085,304,280,1461,1748,0.005
n4_matching,DFS,—,completo,1,DURL,True,meta,214,42,2339,6171,138,117,2457,2581,0.009
n4_matching,DFS,—,completo,1,DLUR,True,meta,870,126,2741,7142,523,507,3249,3765,0.010
n4_matching,DFS,—,completo,1,DLRU,True,meta,682,104,1547,4004,351,337,1885,2229,0.006
n4_matching,DFS,—,completo,1,DRUL,True,meta,208,38,339,863,104,97,437,539,0.001
n4_matching,DFS,—,completo,1,DRLU,True,meta,340,66,698,1833,188,180,879,1065,0.003
n4_matching,DFS,—,completo,1,LUDR,True,meta,1136,158,5533,14056,622,612,6146,6762,0.021
n4_matching,DFS,—,completo,1,LURD,True,meta,760,110,4976,12661,431,414,5391,5806,0.018
n4_matching,DFS,—,completo,1,LDUR,True,meta,896,128,2986,7679,484,473,3460,3942,0.012
n4_matching,DFS,—,completo,1,LDRU,True,meta,1158,164,2509,6408,579,570,3080,3658,0.009
n4_matching,DFS,—,completo,1,LRUD,True,meta,364,60,4109,10413,225,188,4298,4487,0.015
n4_matching,DFS,—,completo,1,LRDU,True,meta,908,134,2166,5564,437,425,2592,3029,0.008
n4_matching,DFS,—,completo,1,RUDL,True,meta,196,32,989,2554,114,98,1088,1188,0.003
n4_matching,DFS,—,completo,1,RULD,True,meta,302,56,3536,8969,171,163,3700,3864,0.013
n4_matching,DFS,—,completo,1,RDUL,True,meta,244,44,819,2142,131,120,940,1068,0.003
n4_matching,DFS,—,completo,1,RDLU,True,meta,422,70,778,2022,235,223,1002,1234,0.003
n4_matching,DFS,—,completo,1,RLUD,True,meta,280,54,3904,9882,179,159,4064,4224,0.014
n4_matching,DFS,—,completo,1,RLDU,True,meta,692,114,2717,6938,361,345,3063,3419,0.010
n5_limite,DFS,—,completo,1,UDLR,True,meta,6992,1289,365621,911559,3299,3292,368914,372212,1.528
n5_limite,DFS,—,completo,1,UDRL,True,meta,4268,901,363526,905149,2211,1986,365513,367506,1.451
n5_limite,DFS,—,completo,1,ULDR,True,meta,7692,1515,374143,931162,3228,3222,377366,380589,1.586
n5_limite,DFS,—,completo,1,ULRD,True,meta,6628,1367,362877,903976,2543,2538,365416,367955,1.463
n5_limite,DFS,—,completo,1,URDL,True,meta,1956,459,372669,928559,1954,882,373552,374442,1.543
n5_limite,DFS,—,completo,1,URLD,True,meta,4498,1123,360054,896712,1791,1773,361828,363602,1.437
n5_limite,DFS,—,completo,1,DULR,True,meta,6058,1063,301628,754184,2675,2645,304274,306925,1.182
n5_limite,DFS,—,completo,1,DURL,True,meta,6676,1277,316862,791272,2895,2836,319699,322542,1.314
n5_limite,DFS,—,completo,1,DLUR,True,meta,7596,1437,322004,803932,3456,3282,325287,328577,1.301
n5_limite,DFS,—,completo,1,DLRU,True,meta,7142,1377,316276,789137,2987,2943,319220,322171,1.244
n5_limite,DFS,—,completo,1,DRUL,True,meta,6562,1259,327829,818056,2632,2620,330450,333079,1.355
n5_limite,DFS,—,completo,1,DRLU,True,meta,5316,1037,294796,736367,2063,2054,296851,298913,1.170
n5_limite,DFS,—,completo,1,LUDR,True,meta,7458,1363,368473,918183,3311,3309,371783,375093,1.445
n5_limite,DFS,—,completo,1,LURD,True,meta,7594,1459,381328,948953,3187,3186,384515,387702,1.571
n5_limite,DFS,—,completo,1,LDUR,True,meta,6064,1101,296634,741791,2734,2725,299360,302094,1.178
n5_limite,DFS,—,completo,1,LDRU,True,meta,6356,1199,348979,871023,2774,2765,351745,354519,1.444
n5_limite,DFS,—,completo,1,LRUD,True,meta,5592,1017,356185,888749,2659,2658,358844,361503,1.427
n5_limite,DFS,—,completo,1,LRDU,True,meta,5330,955,332465,829185,2387,2377,334843,337230,1.385
n5_limite,DFS,—,completo,1,RUDL,True,meta,1786,357,315017,789060,819,794,315812,316616,1.256
n5_limite,DFS,—,completo,1,RULD,True,meta,4210,905,334456,835761,1753,1742,336199,337942,1.333
n5_limite,DFS,—,completo,1,RDUL,True,meta,6266,1289,334346,833964,2703,2692,337039,339741,1.386
n5_limite,DFS,—,completo,1,RDLU,True,meta,5904,1197,299935,748858,2506,2491,302427,304927,1.205
n5_limite,DFS,—,completo,1,RLUD,True,meta,5114,963,357377,891153,2204,2203,359581,361785,1.405
n5_limite,DFS,—,completo,1,RLDU,True,meta,6328,1209,335652,837740,2653,2643,338296,340949,1.379
n1_micro,IDDFS,—,completo,1,—,True,meta,8,5,79,193,7,5,27,30,0.000
n1_micro,IDDFS,—,completo,2,—,True,meta,8,5,79,193,7,5,27,30,0.000
n1_micro,IDDFS,—,completo,3,—,True,meta,8,5,79,193,7,5,27,30,0.000
n1_micro,IDDFS,—,completo,4,—,True,meta,8,5,79,193,7,5,27,30,0.000
n1_micro,IDDFS,—,completo,5,—,True,meta,8,5,79,193,7,5,27,30,0.000
n2_akk04,IDDFS,—,completo,1,—,True,meta,45,18,271398,691121,42,22,9642,9643,1.202
n2_akk04,IDDFS,—,completo,2,—,True,meta,45,18,271398,691121,42,22,9642,9643,1.232
n2_akk04,IDDFS,—,completo,3,—,True,meta,45,18,271398,691121,42,22,9642,9643,1.216
n2_akk04,IDDFS,—,completo,4,—,True,meta,45,18,271398,691121,42,22,9642,9643,1.231
n2_akk04,IDDFS,—,completo,5,—,True,meta,45,18,271398,691121,42,22,9642,9643,1.203
n3_caminata,IDDFS,—,completo,1,—,True,meta,104,22,355058,863930,48,29,1806,1826,1.431
n3_caminata,IDDFS,—,completo,2,—,True,meta,104,22,355058,863930,48,29,1806,1826,1.437
n3_caminata,IDDFS,—,completo,3,—,True,meta,104,22,355058,863930,48,29,1806,1826,1.458
n3_caminata,IDDFS,—,completo,4,—,True,meta,104,22,355058,863930,48,29,1806,1826,1.430
n3_caminata,IDDFS,—,completo,5,—,True,meta,104,22,355058,863930,48,29,1806,1826,1.436
n4_matching,IDDFS,—,completo,1,—,False,max_nodos,,,3000000,7664562,44,27,47369,47397,14.516
n4_matching,IDDFS,—,completo,2,—,False,max_nodos,,,3000000,7664562,44,27,47369,47397,14.503
n4_matching,IDDFS,—,completo,3,—,False,max_nodos,,,3000000,7664562,44,27,47369,47397,14.479
n4_matching,IDDFS,—,completo,4,—,False,max_nodos,,,3000000,7664562,44,27,47369,47397,14.471
n4_matching,IDDFS,—,completo,5,—,False,max_nodos,,,3000000,7664562,44,27,47369,47397,14.504
n5_limite,IDDFS,—,completo,1,—,False,max_nodos,,,3000000,7500100,50,38,46916,46949,13.467
n5_limite,IDDFS,—,completo,2,—,False,max_nodos,,,3000000,7500100,50,38,46916,46949,13.504
n5_limite,IDDFS,—,completo,3,—,False,max_nodos,,,3000000,7500100,50,38,46916,46949,13.613
n5_limite,IDDFS,—,completo,4,—,False,max_nodos,,,3000000,7500100,50,38,46916,46949,13.519
n5_limite,IDDFS,—,completo,5,—,False,max_nodos,,,3000000,7500100,50,38,46916,46949,13.462
n1_micro,Greedy,h0,completo,1,—,True,meta,8,5,35,85,10,8,44,53,0.000
n1_micro,Greedy,h0,completo,2,—,True,meta,8,5,35,85,10,8,44,53,0.000
n1_micro,Greedy,h0,completo,3,—,True,meta,8,5,35,85,10,8,44,53,0.000
n1_micro,Greedy,h0,completo,4,—,True,meta,8,5,35,85,10,8,44,53,0.000
n1_micro,Greedy,h0,completo,5,—,True,meta,8,5,35,85,10,8,44,53,0.000
n1_micro,Greedy,h1,completo,1,—,True,meta,8,5,26,64,10,9,36,46,0.000
n1_micro,Greedy,h1,completo,2,—,True,meta,8,5,26,64,10,9,36,46,0.000
n1_micro,Greedy,h1,completo,3,—,True,meta,8,5,26,64,10,9,36,46,0.000
n1_micro,Greedy,h1,completo,4,—,True,meta,8,5,26,64,10,9,36,46,0.001
n1_micro,Greedy,h1,completo,5,—,True,meta,8,5,26,64,10,9,36,46,0.000
n1_micro,Greedy,h2,completo,1,—,True,meta,8,5,26,64,10,9,36,46,0.000
n1_micro,Greedy,h2,completo,2,—,True,meta,8,5,26,64,10,9,36,46,0.000
n1_micro,Greedy,h2,completo,3,—,True,meta,8,5,26,64,10,9,36,46,0.000
n1_micro,Greedy,h2,completo,4,—,True,meta,8,5,26,64,10,9,36,46,0.000
n1_micro,Greedy,h2,completo,5,—,True,meta,8,5,26,64,10,9,36,46,0.000
n1_micro,Greedy,h3,completo,1,—,True,meta,8,5,11,27,8,7,19,27,0.000
n1_micro,Greedy,h3,completo,2,—,True,meta,8,5,11,27,8,7,19,27,0.000
n1_micro,Greedy,h3,completo,3,—,True,meta,8,5,11,27,8,7,19,27,0.000
n1_micro,Greedy,h3,completo,4,—,True,meta,8,5,11,27,8,7,19,27,0.000
n1_micro,Greedy,h3,completo,5,—,True,meta,8,5,11,27,8,7,19,27,0.000
n1_micro,Greedy,h4,completo,1,—,True,meta,8,5,11,27,8,7,19,27,0.000
n1_micro,Greedy,h4,completo,2,—,True,meta,8,5,11,27,8,7,19,27,0.000
n1_micro,Greedy,h4,completo,3,—,True,meta,8,5,11,27,8,7,19,27,0.000
n1_micro,Greedy,h4,completo,4,—,True,meta,8,5,11,27,8,7,19,27,0.000
n1_micro,Greedy,h4,completo,5,—,True,meta,8,5,11,27,8,7,19,27,0.000
n1_micro,Greedy,h5,completo,1,—,True,meta,8,5,11,27,8,7,19,27,0.000
n1_micro,Greedy,h5,completo,2,—,True,meta,8,5,11,27,8,7,19,27,0.000
n1_micro,Greedy,h5,completo,3,—,True,meta,8,5,11,27,8,7,19,27,0.000
n1_micro,Greedy,h5,completo,4,—,True,meta,8,5,11,27,8,7,19,27,0.000
n1_micro,Greedy,h5,completo,5,—,True,meta,8,5,11,27,8,7,19,27,0.000
n1_micro,Greedy,h6,completo,1,—,True,meta,8,5,8,19,9,8,17,26,0.000
n1_micro,Greedy,h6,completo,2,—,True,meta,8,5,8,19,9,8,17,26,0.000
n1_micro,Greedy,h6,completo,3,—,True,meta,8,5,8,19,9,8,17,26,0.000
n1_micro,Greedy,h6,completo,4,—,True,meta,8,5,8,19,9,8,17,26,0.000
n1_micro,Greedy,h6,completo,5,—,True,meta,8,5,8,19,9,8,17,26,0.000
n1_micro,Greedy,hna,completo,1,—,True,meta,8,5,11,27,8,7,19,27,0.000
n1_micro,Greedy,hna,completo,2,—,True,meta,8,5,11,27,8,7,19,27,0.000
n1_micro,Greedy,hna,completo,3,—,True,meta,8,5,11,27,8,7,19,27,0.000
n1_micro,Greedy,hna,completo,4,—,True,meta,8,5,11,27,8,7,19,27,0.000
n1_micro,Greedy,hna,completo,5,—,True,meta,8,5,11,27,8,7,19,27,0.000
n1_micro,Greedy,hna4,completo,1,—,True,meta,8,5,11,27,8,7,19,27,0.000
n1_micro,Greedy,hna4,completo,2,—,True,meta,8,5,11,27,8,7,19,27,0.000
n1_micro,Greedy,hna4,completo,3,—,True,meta,8,5,11,27,8,7,19,27,0.000
n1_micro,Greedy,hna4,completo,4,—,True,meta,8,5,11,27,8,7,19,27,0.000
n1_micro,Greedy,hna4,completo,5,—,True,meta,8,5,11,27,8,7,19,27,0.000
n2_akk04,Greedy,h0,completo,1,—,True,meta,45,18,9839,24719,661,635,10475,11111,0.047
n2_akk04,Greedy,h0,completo,2,—,True,meta,45,18,9839,24719,661,635,10475,11111,0.045
n2_akk04,Greedy,h0,completo,3,—,True,meta,45,18,9839,24719,661,635,10475,11111,0.047
n2_akk04,Greedy,h0,completo,4,—,True,meta,45,18,9839,24719,661,635,10475,11111,0.049
n2_akk04,Greedy,h0,completo,5,—,True,meta,45,18,9839,24719,661,635,10475,11111,0.045
n2_akk04,Greedy,h1,completo,1,—,True,meta,45,18,9183,23120,658,657,9841,10499,0.042
n2_akk04,Greedy,h1,completo,2,—,True,meta,45,18,9183,23120,658,657,9841,10499,0.035
n2_akk04,Greedy,h1,completo,3,—,True,meta,45,18,9183,23120,658,657,9841,10499,0.036
n2_akk04,Greedy,h1,completo,4,—,True,meta,45,18,9183,23120,658,657,9841,10499,0.036
n2_akk04,Greedy,h1,completo,5,—,True,meta,45,18,9183,23120,658,657,9841,10499,0.037
n2_akk04,Greedy,h2,completo,1,—,True,meta,45,18,903,2188,56,55,959,1015,0.004
n2_akk04,Greedy,h2,completo,2,—,True,meta,45,18,903,2188,56,55,959,1015,0.004
n2_akk04,Greedy,h2,completo,3,—,True,meta,45,18,903,2188,56,55,959,1015,0.004
n2_akk04,Greedy,h2,completo,4,—,True,meta,45,18,903,2188,56,55,959,1015,0.004
n2_akk04,Greedy,h2,completo,5,—,True,meta,45,18,903,2188,56,55,959,1015,0.004
n2_akk04,Greedy,h3,completo,1,—,True,meta,53,20,2376,5964,98,79,2456,2536,0.012
n2_akk04,Greedy,h3,completo,2,—,True,meta,53,20,2376,5964,98,79,2456,2536,0.012
n2_akk04,Greedy,h3,completo,3,—,True,meta,53,20,2376,5964,98,79,2456,2536,0.012
n2_akk04,Greedy,h3,completo,4,—,True,meta,53,20,2376,5964,98,79,2456,2536,0.012
n2_akk04,Greedy,h3,completo,5,—,True,meta,53,20,2376,5964,98,79,2456,2536,0.012
n2_akk04,Greedy,h4,completo,1,—,True,meta,109,34,2310,5848,107,106,2417,2524,0.011
n2_akk04,Greedy,h4,completo,2,—,True,meta,109,34,2310,5848,107,106,2417,2524,0.011
n2_akk04,Greedy,h4,completo,3,—,True,meta,109,34,2310,5848,107,106,2417,2524,0.011
n2_akk04,Greedy,h4,completo,4,—,True,meta,109,34,2310,5848,107,106,2417,2524,0.011
n2_akk04,Greedy,h4,completo,5,—,True,meta,109,34,2310,5848,107,106,2417,2524,0.011
n2_akk04,Greedy,h5,completo,1,—,True,meta,103,34,2098,5335,109,108,2207,2316,0.010
n2_akk04,Greedy,h5,completo,2,—,True,meta,103,34,2098,5335,109,108,2207,2316,0.010
n2_akk04,Greedy,h5,completo,3,—,True,meta,103,34,2098,5335,109,108,2207,2316,0.010
n2_akk04,Greedy,h5,completo,4,—,True,meta,103,34,2098,5335,109,108,2207,2316,0.011
n2_akk04,Greedy,h5,completo,5,—,True,meta,103,34,2098,5335,109,108,2207,2316,0.011
n2_akk04,Greedy,h6,completo,1,—,True,meta,103,34,1565,4005,292,291,1857,2149,0.011
n2_akk04,Greedy,h6,completo,2,—,True,meta,103,34,1565,4005,292,291,1857,2149,0.011
n2_akk04,Greedy,h6,completo,3,—,True,meta,103,34,1565,4005,292,291,1857,2149,0.011
n2_akk04,Greedy,h6,completo,4,—,True,meta,103,34,1565,4005,292,291,1857,2149,0.011
n2_akk04,Greedy,h6,completo,5,—,True,meta,103,34,1565,4005,292,291,1857,2149,0.011
n2_akk04,Greedy,hna,completo,1,—,True,meta,103,34,2098,5335,109,108,2207,2316,0.011
n2_akk04,Greedy,hna,completo,2,—,True,meta,103,34,2098,5335,109,108,2207,2316,0.011
n2_akk04,Greedy,hna,completo,3,—,True,meta,103,34,2098,5335,109,108,2207,2316,0.011
n2_akk04,Greedy,hna,completo,4,—,True,meta,103,34,2098,5335,109,108,2207,2316,0.011
n2_akk04,Greedy,hna,completo,5,—,True,meta,103,34,2098,5335,109,108,2207,2316,0.011
n2_akk04,Greedy,hna4,completo,1,—,True,meta,103,34,2098,5335,109,108,2207,2316,0.011
n2_akk04,Greedy,hna4,completo,2,—,True,meta,103,34,2098,5335,109,108,2207,2316,0.011
n2_akk04,Greedy,hna4,completo,3,—,True,meta,103,34,2098,5335,109,108,2207,2316,0.011
n2_akk04,Greedy,hna4,completo,4,—,True,meta,103,34,2098,5335,109,108,2207,2316,0.011
n2_akk04,Greedy,hna4,completo,5,—,True,meta,103,34,2098,5335,109,108,2207,2316,0.011
n3_caminata,Greedy,h0,completo,1,—,True,meta,104,22,1816,4353,79,9,1826,1836,0.007
n3_caminata,Greedy,h0,completo,2,—,True,meta,104,22,1816,4353,79,9,1826,1836,0.007
n3_caminata,Greedy,h0,completo,3,—,True,meta,104,22,1816,4353,79,9,1826,1836,0.007
n3_caminata,Greedy,h0,completo,4,—,True,meta,104,22,1816,4353,79,9,1826,1836,0.007
n3_caminata,Greedy,h0,completo,5,—,True,meta,104,22,1816,4353,79,9,1826,1836,0.007
n3_caminata,Greedy,h1,completo,1,—,True,meta,104,22,1805,4328,79,13,1819,1833,0.006
n3_caminata,Greedy,h1,completo,2,—,True,meta,104,22,1805,4328,79,13,1819,1833,0.006
n3_caminata,Greedy,h1,completo,3,—,True,meta,104,22,1805,4328,79,13,1819,1833,0.006
n3_caminata,Greedy,h1,completo,4,—,True,meta,104,22,1805,4328,79,13,1819,1833,0.006
n3_caminata,Greedy,h1,completo,5,—,True,meta,104,22,1805,4328,79,13,1819,1833,0.006
n3_caminata,Greedy,h2,completo,1,—,True,meta,116,22,1689,4053,94,17,1707,1725,0.007
n3_caminata,Greedy,h2,completo,2,—,True,meta,116,22,1689,4053,94,17,1707,1725,0.007
n3_caminata,Greedy,h2,completo,3,—,True,meta,116,22,1689,4053,94,17,1707,1725,0.007
n3_caminata,Greedy,h2,completo,4,—,True,meta,116,22,1689,4053,94,17,1707,1725,0.007
n3_caminata,Greedy,h2,completo,5,—,True,meta,116,22,1689,4053,94,17,1707,1725,0.007
n3_caminata,Greedy,h3,completo,1,—,True,meta,120,22,639,1543,41,35,675,711,0.003
n3_caminata,Greedy,h3,completo,2,—,True,meta,120,22,639,1543,41,35,675,711,0.003
n3_caminata,Greedy,h3,completo,3,—,True,meta,120,22,639,1543,41,35,675,711,0.003
n3_caminata,Greedy,h3,completo,4,—,True,meta,120,22,639,1543,41,35,675,711,0.003
n3_caminata,Greedy,h3,completo,5,—,True,meta,120,22,639,1543,41,35,675,711,0.003
n3_caminata,Greedy,h4,completo,1,—,True,meta,116,22,871,2110,56,55,927,983,0.004
n3_caminata,Greedy,h4,completo,2,—,True,meta,116,22,871,2110,56,55,927,983,0.004
n3_caminata,Greedy,h4,completo,3,—,True,meta,116,22,871,2110,56,55,927,983,0.004
n3_caminata,Greedy,h4,completo,4,—,True,meta,116,22,871,2110,56,55,927,983,0.004
n3_caminata,Greedy,h4,completo,5,—,True,meta,116,22,871,2110,56,55,927,983,0.004
n3_caminata,Greedy,h5,completo,1,—,True,meta,116,22,871,2110,56,55,927,983,0.004
n3_caminata,Greedy,h5,completo,2,—,True,meta,116,22,871,2110,56,55,927,983,0.004
n3_caminata,Greedy,h5,completo,3,—,True,meta,116,22,871,2110,56,55,927,983,0.004
n3_caminata,Greedy,h5,completo,4,—,True,meta,116,22,871,2110,56,55,927,983,0.004
n3_caminata,Greedy,h5,completo,5,—,True,meta,116,22,871,2110,56,55,927,983,0.004
n3_caminata,Greedy,h6,completo,1,—,True,meta,108,26,1243,3039,126,100,1344,1445,0.007
n3_caminata,Greedy,h6,completo,2,—,True,meta,108,26,1243,3039,126,100,1344,1445,0.007
n3_caminata,Greedy,h6,completo,3,—,True,meta,108,26,1243,3039,126,100,1344,1445,0.007
n3_caminata,Greedy,h6,completo,4,—,True,meta,108,26,1243,3039,126,100,1344,1445,0.007
n3_caminata,Greedy,h6,completo,5,—,True,meta,108,26,1243,3039,126,100,1344,1445,0.007
n3_caminata,Greedy,hna,completo,1,—,True,meta,116,22,871,2110,56,55,927,983,0.004
n3_caminata,Greedy,hna,completo,2,—,True,meta,116,22,871,2110,56,55,927,983,0.004
n3_caminata,Greedy,hna,completo,3,—,True,meta,116,22,871,2110,56,55,927,983,0.004
n3_caminata,Greedy,hna,completo,4,—,True,meta,116,22,871,2110,56,55,927,983,0.004
n3_caminata,Greedy,hna,completo,5,—,True,meta,116,22,871,2110,56,55,927,983,0.004
n3_caminata,Greedy,hna4,completo,1,—,True,meta,116,22,871,2110,56,55,927,983,0.004
n3_caminata,Greedy,hna4,completo,2,—,True,meta,116,22,871,2110,56,55,927,983,0.004
n3_caminata,Greedy,hna4,completo,3,—,True,meta,116,22,871,2110,56,55,927,983,0.004
n3_caminata,Greedy,hna4,completo,4,—,True,meta,116,22,871,2110,56,55,927,983,0.004
n3_caminata,Greedy,hna4,completo,5,—,True,meta,116,22,871,2110,56,55,927,983,0.004
n4_matching,Greedy,h0,completo,1,—,True,meta,70,22,60410,155205,2028,947,61358,62306,0.341
n4_matching,Greedy,h0,completo,2,—,True,meta,70,22,60410,155205,2028,947,61358,62306,0.317
n4_matching,Greedy,h0,completo,3,—,True,meta,70,22,60410,155205,2028,947,61358,62306,0.315
n4_matching,Greedy,h0,completo,4,—,True,meta,70,22,60410,155205,2028,947,61358,62306,0.313
n4_matching,Greedy,h0,completo,5,—,True,meta,70,22,60410,155205,2028,947,61358,62306,0.333
n4_matching,Greedy,h1,completo,1,—,True,meta,70,22,59332,152498,2028,1079,60412,61492,0.257
n4_matching,Greedy,h1,completo,2,—,True,meta,70,22,59332,152498,2028,1079,60412,61492,0.262
n4_matching,Greedy,h1,completo,3,—,True,meta,70,22,59332,152498,2028,1079,60412,61492,0.267
n4_matching,Greedy,h1,completo,4,—,True,meta,70,22,59332,152498,2028,1079,60412,61492,0.261
n4_matching,Greedy,h1,completo,5,—,True,meta,70,22,59332,152498,2028,1079,60412,61492,0.249
n4_matching,Greedy,h2,completo,1,—,True,meta,84,24,2745,7135,402,356,3102,3459,0.013
n4_matching,Greedy,h2,completo,2,—,True,meta,84,24,2745,7135,402,356,3102,3459,0.013
n4_matching,Greedy,h2,completo,3,—,True,meta,84,24,2745,7135,402,356,3102,3459,0.013
n4_matching,Greedy,h2,completo,4,—,True,meta,84,24,2745,7135,402,356,3102,3459,0.013
n4_matching,Greedy,h2,completo,5,—,True,meta,84,24,2745,7135,402,356,3102,3459,0.013
n4_matching,Greedy,h3,completo,1,—,True,meta,114,26,2934,7425,104,103,3038,3142,0.014
n4_matching,Greedy,h3,completo,2,—,True,meta,114,26,2934,7425,104,103,3038,3142,0.014
n4_matching,Greedy,h3,completo,3,—,True,meta,114,26,2934,7425,104,103,3038,3142,0.014
n4_matching,Greedy,h3,completo,4,—,True,meta,114,26,2934,7425,104,103,3038,3142,0.014
n4_matching,Greedy,h3,completo,5,—,True,meta,114,26,2934,7425,104,103,3038,3142,0.014
n4_matching,Greedy,h4,completo,1,—,True,meta,88,26,1321,3400,108,107,1429,1537,0.007
n4_matching,Greedy,h4,completo,2,—,True,meta,88,26,1321,3400,108,107,1429,1537,0.006
n4_matching,Greedy,h4,completo,3,—,True,meta,88,26,1321,3400,108,107,1429,1537,0.007
n4_matching,Greedy,h4,completo,4,—,True,meta,88,26,1321,3400,108,107,1429,1537,0.006
n4_matching,Greedy,h4,completo,5,—,True,meta,88,26,1321,3400,108,107,1429,1537,0.007
n4_matching,Greedy,h5,completo,1,—,True,meta,90,28,230,607,74,73,304,378,0.001
n4_matching,Greedy,h5,completo,2,—,True,meta,90,28,230,607,74,73,304,378,0.001
n4_matching,Greedy,h5,completo,3,—,True,meta,90,28,230,607,74,73,304,378,0.001
n4_matching,Greedy,h5,completo,4,—,True,meta,90,28,230,607,74,73,304,378,0.002
n4_matching,Greedy,h5,completo,5,—,True,meta,90,28,230,607,74,73,304,378,0.001
n4_matching,Greedy,h6,completo,1,—,True,meta,95,28,219,570,115,114,334,449,0.002
n4_matching,Greedy,h6,completo,2,—,True,meta,95,28,219,570,115,114,334,449,0.002
n4_matching,Greedy,h6,completo,3,—,True,meta,95,28,219,570,115,114,334,449,0.002
n4_matching,Greedy,h6,completo,4,—,True,meta,95,28,219,570,115,114,334,449,0.002
n4_matching,Greedy,h6,completo,5,—,True,meta,95,28,219,570,115,114,334,449,0.002
n4_matching,Greedy,hna,completo,1,—,True,meta,90,28,230,607,74,73,304,378,0.001
n4_matching,Greedy,hna,completo,2,—,True,meta,90,28,230,607,74,73,304,378,0.001
n4_matching,Greedy,hna,completo,3,—,True,meta,90,28,230,607,74,73,304,378,0.001
n4_matching,Greedy,hna,completo,4,—,True,meta,90,28,230,607,74,73,304,378,0.001
n4_matching,Greedy,hna,completo,5,—,True,meta,90,28,230,607,74,73,304,378,0.001
n4_matching,Greedy,hna4,completo,1,—,True,meta,90,28,230,607,74,73,304,378,0.001
n4_matching,Greedy,hna4,completo,2,—,True,meta,90,28,230,607,74,73,304,378,0.001
n4_matching,Greedy,hna4,completo,3,—,True,meta,90,28,230,607,74,73,304,378,0.001
n4_matching,Greedy,hna4,completo,4,—,True,meta,90,28,230,607,74,73,304,378,0.001
n4_matching,Greedy,hna4,completo,5,—,True,meta,90,28,230,607,74,73,304,378,0.001
n5_limite,Greedy,h0,completo,1,—,True,meta,306,99,429817,1064551,4917,99,429917,430017,2.518
n5_limite,Greedy,h0,completo,2,—,True,meta,306,99,429817,1064551,4917,99,429917,430017,2.535
n5_limite,Greedy,h0,completo,3,—,True,meta,306,99,429817,1064551,4917,99,429917,430017,2.426
n5_limite,Greedy,h0,completo,4,—,True,meta,306,99,429817,1064551,4917,99,429917,430017,2.463
n5_limite,Greedy,h0,completo,5,—,True,meta,306,99,429817,1064551,4917,99,429917,430017,2.511
n5_limite,Greedy,h1,completo,1,—,True,meta,306,99,429708,1064301,4917,110,429819,429930,2.104
n5_limite,Greedy,h1,completo,2,—,True,meta,306,99,429708,1064301,4917,110,429819,429930,2.079
n5_limite,Greedy,h1,completo,3,—,True,meta,306,99,429708,1064301,4917,110,429819,429930,1.987
n5_limite,Greedy,h1,completo,4,—,True,meta,306,99,429708,1064301,4917,110,429819,429930,2.072
n5_limite,Greedy,h1,completo,5,—,True,meta,306,99,429708,1064301,4917,110,429819,429930,2.062
n5_limite,Greedy,h2,completo,1,—,True,meta,380,103,425501,1054329,8480,102,425604,425707,2.541
n5_limite,Greedy,h2,completo,2,—,True,meta,380,103,425501,1054329,8480,102,425604,425707,2.558
n5_limite,Greedy,h2,completo,3,—,True,meta,380,103,425501,1054329,8480,102,425604,425707,2.547
n5_limite,Greedy,h2,completo,4,—,True,meta,380,103,425501,1054329,8480,102,425604,425707,2.554
n5_limite,Greedy,h2,completo,5,—,True,meta,380,103,425501,1054329,8480,102,425604,425707,2.381
n5_limite,Greedy,h3,completo,1,—,True,meta,482,105,206097,511988,3396,2243,208341,210585,1.167
n5_limite,Greedy,h3,completo,2,—,True,meta,482,105,206097,511988,3396,2243,208341,210585,1.182
n5_limite,Greedy,h3,completo,3,—,True,meta,482,105,206097,511988,3396,2243,208341,210585,1.162
n5_limite,Greedy,h3,completo,4,—,True,meta,482,105,206097,511988,3396,2243,208341,210585,1.164
n5_limite,Greedy,h3,completo,5,—,True,meta,482,105,206097,511988,3396,2243,208341,210585,1.174
n5_limite,Greedy,h4,completo,1,—,True,meta,456,105,238202,591399,6671,2756,240959,243716,1.362
n5_limite,Greedy,h4,completo,2,—,True,meta,456,105,238202,591399,6671,2756,240959,243716,1.355
n5_limite,Greedy,h4,completo,3,—,True,meta,456,105,238202,591399,6671,2756,240959,243716,1.469
n5_limite,Greedy,h4,completo,4,—,True,meta,456,105,238202,591399,6671,2756,240959,243716,1.428
n5_limite,Greedy,h4,completo,5,—,True,meta,456,105,238202,591399,6671,2756,240959,243716,1.414
n5_limite,Greedy,h5,completo,1,—,True,meta,390,99,197713,497769,1956,1682,199396,201079,1.093
n5_limite,Greedy,h5,completo,2,—,True,meta,390,99,197713,497769,1956,1682,199396,201079,1.114
n5_limite,Greedy,h5,completo,3,—,True,meta,390,99,197713,497769,1956,1682,199396,201079,1.108
n5_limite,Greedy,h5,completo,4,—,True,meta,390,99,197713,497769,1956,1682,199396,201079,1.041
n5_limite,Greedy,h5,completo,5,—,True,meta,390,99,197713,497769,1956,1682,199396,201079,1.052
n5_limite,Greedy,h6,completo,1,—,True,meta,390,99,231220,581477,7246,7114,238335,245450,1.602
n5_limite,Greedy,h6,completo,2,—,True,meta,390,99,231220,581477,7246,7114,238335,245450,1.712
n5_limite,Greedy,h6,completo,3,—,True,meta,390,99,231220,581477,7246,7114,238335,245450,1.666
n5_limite,Greedy,h6,completo,4,—,True,meta,390,99,231220,581477,7246,7114,238335,245450,1.659
n5_limite,Greedy,h6,completo,5,—,True,meta,390,99,231220,581477,7246,7114,238335,245450,1.631
n5_limite,Greedy,hna,completo,1,—,True,meta,390,99,197713,497769,1956,1682,199396,201079,1.097
n5_limite,Greedy,hna,completo,2,—,True,meta,390,99,197713,497769,1956,1682,199396,201079,1.109
n5_limite,Greedy,hna,completo,3,—,True,meta,390,99,197713,497769,1956,1682,199396,201079,1.137
n5_limite,Greedy,hna,completo,4,—,True,meta,390,99,197713,497769,1956,1682,199396,201079,1.048
n5_limite,Greedy,hna,completo,5,—,True,meta,390,99,197713,497769,1956,1682,199396,201079,1.056
n5_limite,Greedy,hna4,completo,1,—,True,meta,390,99,197713,497769,1956,1682,199396,201079,1.080
n5_limite,Greedy,hna4,completo,2,—,True,meta,390,99,197713,497769,1956,1682,199396,201079,1.076
n5_limite,Greedy,hna4,completo,3,—,True,meta,390,99,197713,497769,1956,1682,199396,201079,1.094
n5_limite,Greedy,hna4,completo,4,—,True,meta,390,99,197713,497769,1956,1682,199396,201079,1.113
n5_limite,Greedy,hna4,completo,5,—,True,meta,390,99,197713,497769,1956,1682,199396,201079,1.103
n1_micro,A*,h0,completo,1,—,True,meta,8,5,35,85,10,8,44,53,0.000
n1_micro,A*,h0,completo,2,—,True,meta,8,5,35,85,10,8,44,53,0.000
n1_micro,A*,h0,completo,3,—,True,meta,8,5,35,85,10,8,44,53,0.000
n1_micro,A*,h0,completo,4,—,True,meta,8,5,35,85,10,8,44,53,0.000
n1_micro,A*,h0,completo,5,—,True,meta,8,5,35,85,10,8,44,53,0.000
n1_micro,A*,h1,completo,1,—,True,meta,8,5,26,64,10,9,36,46,0.000
n1_micro,A*,h1,completo,2,—,True,meta,8,5,26,64,10,9,36,46,0.000
n1_micro,A*,h1,completo,3,—,True,meta,8,5,26,64,10,9,36,46,0.000
n1_micro,A*,h1,completo,4,—,True,meta,8,5,26,64,10,9,36,46,0.000
n1_micro,A*,h1,completo,5,—,True,meta,8,5,26,64,10,9,36,46,0.000
n1_micro,A*,h2,completo,1,—,True,meta,8,5,26,64,10,9,36,46,0.000
n1_micro,A*,h2,completo,2,—,True,meta,8,5,26,64,10,9,36,46,0.000
n1_micro,A*,h2,completo,3,—,True,meta,8,5,26,64,10,9,36,46,0.000
n1_micro,A*,h2,completo,4,—,True,meta,8,5,26,64,10,9,36,46,0.000
n1_micro,A*,h2,completo,5,—,True,meta,8,5,26,64,10,9,36,46,0.000
n1_micro,A*,h3,completo,1,—,True,meta,8,5,12,30,8,7,20,28,0.000
n1_micro,A*,h3,completo,2,—,True,meta,8,5,12,30,8,7,20,28,0.000
n1_micro,A*,h3,completo,3,—,True,meta,8,5,12,30,8,7,20,28,0.000
n1_micro,A*,h3,completo,4,—,True,meta,8,5,12,30,8,7,20,28,0.000
n1_micro,A*,h3,completo,5,—,True,meta,8,5,12,30,8,7,20,28,0.000
n1_micro,A*,h4,completo,1,—,True,meta,8,5,12,30,8,7,20,28,0.000
n1_micro,A*,h4,completo,2,—,True,meta,8,5,12,30,8,7,20,28,0.000
n1_micro,A*,h4,completo,3,—,True,meta,8,5,12,30,8,7,20,28,0.000
n1_micro,A*,h4,completo,4,—,True,meta,8,5,12,30,8,7,20,28,0.000
n1_micro,A*,h4,completo,5,—,True,meta,8,5,12,30,8,7,20,28,0.000
n1_micro,A*,h5,completo,1,—,True,meta,8,5,12,30,8,7,20,28,0.000
n1_micro,A*,h5,completo,2,—,True,meta,8,5,12,30,8,7,20,28,0.000
n1_micro,A*,h5,completo,3,—,True,meta,8,5,12,30,8,7,20,28,0.000
n1_micro,A*,h5,completo,4,—,True,meta,8,5,12,30,8,7,20,28,0.000
n1_micro,A*,h5,completo,5,—,True,meta,8,5,12,30,8,7,20,28,0.000
n1_micro,A*,h6,completo,1,—,True,meta,8,5,8,19,9,8,17,26,0.000
n1_micro,A*,h6,completo,2,—,True,meta,8,5,8,19,9,8,17,26,0.000
n1_micro,A*,h6,completo,3,—,True,meta,8,5,8,19,9,8,17,26,0.000
n1_micro,A*,h6,completo,4,—,True,meta,8,5,8,19,9,8,17,26,0.000
n1_micro,A*,h6,completo,5,—,True,meta,8,5,8,19,9,8,17,26,0.000
n1_micro,A*,hna,completo,1,—,True,meta,8,5,11,27,8,7,19,27,0.000
n1_micro,A*,hna,completo,2,—,True,meta,8,5,11,27,8,7,19,27,0.000
n1_micro,A*,hna,completo,3,—,True,meta,8,5,11,27,8,7,19,27,0.000
n1_micro,A*,hna,completo,4,—,True,meta,8,5,11,27,8,7,19,27,0.000
n1_micro,A*,hna,completo,5,—,True,meta,8,5,11,27,8,7,19,27,0.000
n1_micro,A*,hna4,completo,1,—,True,meta,8,5,11,27,8,7,19,27,0.000
n1_micro,A*,hna4,completo,2,—,True,meta,8,5,11,27,8,7,19,27,0.000
n1_micro,A*,hna4,completo,3,—,True,meta,8,5,11,27,8,7,19,27,0.000
n1_micro,A*,hna4,completo,4,—,True,meta,8,5,11,27,8,7,19,27,0.000
n1_micro,A*,hna4,completo,5,—,True,meta,8,5,11,27,8,7,19,27,0.000
n2_akk04,A*,h0,completo,1,—,True,meta,45,18,9839,24719,661,635,10475,11111,0.050
n2_akk04,A*,h0,completo,2,—,True,meta,45,18,9839,24719,661,635,10475,11111,0.050
n2_akk04,A*,h0,completo,3,—,True,meta,45,18,9839,24719,661,635,10475,11111,0.049
n2_akk04,A*,h0,completo,4,—,True,meta,45,18,9839,24719,661,635,10475,11111,0.049
n2_akk04,A*,h0,completo,5,—,True,meta,45,18,9839,24719,661,635,10475,11111,0.049
n2_akk04,A*,h1,completo,1,—,True,meta,45,18,9183,23120,658,657,9841,10499,0.039
n2_akk04,A*,h1,completo,2,—,True,meta,45,18,9183,23120,658,657,9841,10499,0.038
n2_akk04,A*,h1,completo,3,—,True,meta,45,18,9183,23120,658,657,9841,10499,0.038
n2_akk04,A*,h1,completo,4,—,True,meta,45,18,9183,23120,658,657,9841,10499,0.039
n2_akk04,A*,h1,completo,5,—,True,meta,45,18,9183,23120,658,657,9841,10499,0.038
n2_akk04,A*,h2,completo,1,—,True,meta,45,18,7945,19962,575,564,8510,9075,0.042
n2_akk04,A*,h2,completo,2,—,True,meta,45,18,7945,19962,575,564,8510,9075,0.041
n2_akk04,A*,h2,completo,3,—,True,meta,45,18,7945,19962,575,564,8510,9075,0.041
n2_akk04,A*,h2,completo,4,—,True,meta,45,18,7945,19962,575,564,8510,9075,0.041
n2_akk04,A*,h2,completo,5,—,True,meta,45,18,7945,19962,575,564,8510,9075,0.042
n2_akk04,A*,h3,completo,1,—,True,meta,45,18,6157,15498,487,485,6643,7129,0.036
n2_akk04,A*,h3,completo,2,—,True,meta,45,18,6157,15498,487,485,6643,7129,0.036
n2_akk04,A*,h3,completo,3,—,True,meta,45,18,6157,15498,487,485,6643,7129,0.035
n2_akk04,A*,h3,completo,4,—,True,meta,45,18,6157,15498,487,485,6643,7129,0.036
n2_akk04,A*,h3,completo,5,—,True,meta,45,18,6157,15498,487,485,6643,7129,0.035
n2_akk04,A*,h4,completo,1,—,True,meta,45,18,5597,14089,464,453,6051,6505,0.032
n2_akk04,A*,h4,completo,2,—,True,meta,45,18,5597,14089,464,453,6051,6505,0.047
n2_akk04,A*,h4,completo,3,—,True,meta,45,18,5597,14089,464,453,6051,6505,0.032
n2_akk04,A*,h4,completo,4,—,True,meta,45,18,5597,14089,464,453,6051,6505,0.032
n2_akk04,A*,h4,completo,5,—,True,meta,45,18,5597,14089,464,453,6051,6505,0.035
n2_akk04,A*,h5,completo,1,—,True,meta,45,18,5228,13175,501,491,5720,6212,0.030
n2_akk04,A*,h5,completo,2,—,True,meta,45,18,5228,13175,501,491,5720,6212,0.030
n2_akk04,A*,h5,completo,3,—,True,meta,45,18,5228,13175,501,491,5720,6212,0.031
n2_akk04,A*,h5,completo,4,—,True,meta,45,18,5228,13175,501,491,5720,6212,0.031
n2_akk04,A*,h5,completo,5,—,True,meta,45,18,5228,13175,501,491,5720,6212,0.031
n2_akk04,A*,h6,completo,1,—,True,meta,45,18,4460,11213,677,666,5126,5793,0.034
n2_akk04,A*,h6,completo,2,—,True,meta,45,18,4460,11213,677,666,5126,5793,0.033
n2_akk04,A*,h6,completo,3,—,True,meta,45,18,4460,11213,677,666,5126,5793,0.033
n2_akk04,A*,h6,completo,4,—,True,meta,45,18,4460,11213,677,666,5126,5793,0.033
n2_akk04,A*,h6,completo,5,—,True,meta,45,18,4460,11213,677,666,5126,5793,0.034
n2_akk04,A*,hna,completo,1,—,True,meta,45,18,1341,3384,248,247,1501,1749,0.008
n2_akk04,A*,hna,completo,2,—,True,meta,45,18,1341,3384,248,247,1501,1749,0.008
n2_akk04,A*,hna,completo,3,—,True,meta,45,18,1341,3384,248,247,1501,1749,0.008
n2_akk04,A*,hna,completo,4,—,True,meta,45,18,1341,3384,248,247,1501,1749,0.008
n2_akk04,A*,hna,completo,5,—,True,meta,45,18,1341,3384,248,247,1501,1749,0.008
n2_akk04,A*,hna4,completo,1,—,True,meta,47,18,844,2059,106,105,728,834,0.005
n2_akk04,A*,hna4,completo,2,—,True,meta,47,18,844,2059,106,105,728,834,0.005
n2_akk04,A*,hna4,completo,3,—,True,meta,47,18,844,2059,106,105,728,834,0.005
n2_akk04,A*,hna4,completo,4,—,True,meta,47,18,844,2059,106,105,728,834,0.005
n2_akk04,A*,hna4,completo,5,—,True,meta,47,18,844,2059,106,105,728,834,0.005
n3_caminata,A*,h0,completo,1,—,True,meta,104,22,1816,4353,79,9,1826,1836,0.008
n3_caminata,A*,h0,completo,2,—,True,meta,104,22,1816,4353,79,9,1826,1836,0.007
n3_caminata,A*,h0,completo,3,—,True,meta,104,22,1816,4353,79,9,1826,1836,0.008
n3_caminata,A*,h0,completo,4,—,True,meta,104,22,1816,4353,79,9,1826,1836,0.007
n3_caminata,A*,h0,completo,5,—,True,meta,104,22,1816,4353,79,9,1826,1836,0.008
n3_caminata,A*,h1,completo,1,—,True,meta,104,22,1805,4328,79,13,1819,1833,0.006
n3_caminata,A*,h1,completo,2,—,True,meta,104,22,1805,4328,79,13,1819,1833,0.006
n3_caminata,A*,h1,completo,3,—,True,meta,104,22,1805,4328,79,13,1819,1833,0.006
n3_caminata,A*,h1,completo,4,—,True,meta,104,22,1805,4328,79,13,1819,1833,0.006
n3_caminata,A*,h1,completo,5,—,True,meta,104,22,1805,4328,79,13,1819,1833,0.006
n3_caminata,A*,h2,completo,1,—,True,meta,104,22,1791,4293,84,14,1806,1821,0.008
n3_caminata,A*,h2,completo,2,—,True,meta,104,22,1791,4293,84,14,1806,1821,0.008
n3_caminata,A*,h2,completo,3,—,True,meta,104,22,1791,4293,84,14,1806,1821,0.008
n3_caminata,A*,h2,completo,4,—,True,meta,104,22,1791,4293,84,14,1806,1821,0.008
n3_caminata,A*,h2,completo,5,—,True,meta,104,22,1791,4293,84,14,1806,1821,0.008
n3_caminata,A*,h3,completo,1,—,True,meta,104,22,1785,4283,93,18,1804,1823,0.008
n3_caminata,A*,h3,completo,2,—,True,meta,104,22,1785,4283,93,18,1804,1823,0.008
n3_caminata,A*,h3,completo,3,—,True,meta,104,22,1785,4283,93,18,1804,1823,0.008
n3_caminata,A*,h3,completo,4,—,True,meta,104,22,1785,4283,93,18,1804,1823,0.008
n3_caminata,A*,h3,completo,5,—,True,meta,104,22,1785,4283,93,18,1804,1823,0.008
n3_caminata,A*,h4,completo,1,—,True,meta,104,22,1765,4239,93,26,1792,1819,0.008
n3_caminata,A*,h4,completo,2,—,True,meta,104,22,1765,4239,93,26,1792,1819,0.008
n3_caminata,A*,h4,completo,3,—,True,meta,104,22,1765,4239,93,26,1792,1819,0.008
n3_caminata,A*,h4,completo,4,—,True,meta,104,22,1765,4239,93,26,1792,1819,0.010
n3_caminata,A*,h4,completo,5,—,True,meta,104,22,1765,4239,93,26,1792,1819,0.009
n3_caminata,A*,h5,completo,1,—,True,meta,104,22,1765,4239,93,26,1792,1819,0.008
n3_caminata,A*,h5,completo,2,—,True,meta,104,22,1765,4239,93,26,1792,1819,0.009
n3_caminata,A*,h5,completo,3,—,True,meta,104,22,1765,4239,93,26,1792,1819,0.008
n3_caminata,A*,h5,completo,4,—,True,meta,104,22,1765,4239,93,26,1792,1819,0.008
n3_caminata,A*,h5,completo,5,—,True,meta,104,22,1765,4239,93,26,1792,1819,0.008
n3_caminata,A*,h6,completo,1,—,True,meta,104,22,1702,4088,122,37,1740,1778,0.010
n3_caminata,A*,h6,completo,2,—,True,meta,104,22,1702,4088,122,37,1740,1778,0.010
n3_caminata,A*,h6,completo,3,—,True,meta,104,22,1702,4088,122,37,1740,1778,0.010
n3_caminata,A*,h6,completo,4,—,True,meta,104,22,1702,4088,122,37,1740,1778,0.010
n3_caminata,A*,h6,completo,5,—,True,meta,104,22,1702,4088,122,37,1740,1778,0.010
n3_caminata,A*,hna,completo,1,—,True,meta,104,22,1713,4112,92,21,1735,1757,0.008
n3_caminata,A*,hna,completo,2,—,True,meta,104,22,1713,4112,92,21,1735,1757,0.008
n3_caminata,A*,hna,completo,3,—,True,meta,104,22,1713,4112,92,21,1735,1757,0.008
n3_caminata,A*,hna,completo,4,—,True,meta,104,22,1713,4112,92,21,1735,1757,0.008
n3_caminata,A*,hna,completo,5,—,True,meta,104,22,1713,4112,92,21,1735,1757,0.009
n3_caminata,A*,hna4,completo,1,—,True,meta,104,22,1659,3991,67,21,1674,1696,0.008
n3_caminata,A*,hna4,completo,2,—,True,meta,104,22,1659,3991,67,21,1674,1696,0.008
n3_caminata,A*,hna4,completo,3,—,True,meta,104,22,1659,3991,67,21,1674,1696,0.008
n3_caminata,A*,hna4,completo,4,—,True,meta,104,22,1659,3991,67,21,1674,1696,0.008
n3_caminata,A*,hna4,completo,5,—,True,meta,104,22,1659,3991,67,21,1674,1696,0.008
n4_matching,A*,h0,completo,1,—,True,meta,70,22,60410,155205,2028,947,61358,62306,0.365
n4_matching,A*,h0,completo,2,—,True,meta,70,22,60410,155205,2028,947,61358,62306,0.335
n4_matching,A*,h0,completo,3,—,True,meta,70,22,60410,155205,2028,947,61358,62306,0.347
n4_matching,A*,h0,completo,4,—,True,meta,70,22,60410,155205,2028,947,61358,62306,0.336
n4_matching,A*,h0,completo,5,—,True,meta,70,22,60410,155205,2028,947,61358,62306,0.354
n4_matching,A*,h1,completo,1,—,True,meta,70,22,59332,152498,2028,1079,60412,61492,0.267
n4_matching,A*,h1,completo,2,—,True,meta,70,22,59332,152498,2028,1079,60412,61492,0.278
n4_matching,A*,h1,completo,3,—,True,meta,70,22,59332,152498,2028,1079,60412,61492,0.273
n4_matching,A*,h1,completo,4,—,True,meta,70,22,59332,152498,2028,1079,60412,61492,0.265
n4_matching,A*,h1,completo,5,—,True,meta,70,22,59332,152498,2028,1079,60412,61492,0.258
n4_matching,A*,h2,completo,1,—,True,meta,70,22,56970,146327,2079,1131,58102,59234,0.331
n4_matching,A*,h2,completo,2,—,True,meta,70,22,56970,146327,2079,1131,58102,59234,0.332
n4_matching,A*,h2,completo,3,—,True,meta,70,22,56970,146327,2079,1131,58102,59234,0.330
n4_matching,A*,h2,completo,4,—,True,meta,70,22,56970,146327,2079,1131,58102,59234,0.349
n4_matching,A*,h2,completo,5,—,True,meta,70,22,56970,146327,2079,1131,58102,59234,0.332
n4_matching,A*,h3,completo,1,—,True,meta,70,22,49620,127532,2147,1029,50650,51680,0.307
n4_matching,A*,h3,completo,2,—,True,meta,70,22,49620,127532,2147,1029,50650,51680,0.311
n4_matching,A*,h3,completo,3,—,True,meta,70,22,49620,127532,2147,1029,50650,51680,0.331
n4_matching,A*,h3,completo,4,—,True,meta,70,22,49620,127532,2147,1029,50650,51680,0.307
n4_matching,A*,h3,completo,5,—,True,meta,70,22,49620,127532,2147,1029,50650,51680,0.309
n4_matching,A*,h4,completo,1,—,True,meta,70,22,46760,120189,2221,1067,47827,48895,0.289
n4_matching,A*,h4,completo,2,—,True,meta,70,22,46760,120189,2221,1067,47827,48895,0.309
n4_matching,A*,h4,completo,3,—,True,meta,70,22,46760,120189,2221,1067,47827,48895,0.289
n4_matching,A*,h4,completo,4,—,True,meta,70,22,46760,120189,2221,1067,47827,48895,0.289
n4_matching,A*,h4,completo,5,—,True,meta,70,22,46760,120189,2221,1067,47827,48895,0.284
n4_matching,A*,h5,completo,1,—,True,meta,70,22,45278,116432,2275,1200,46478,47679,0.278
n4_matching,A*,h5,completo,2,—,True,meta,70,22,45278,116432,2275,1200,46478,47679,0.299
n4_matching,A*,h5,completo,3,—,True,meta,70,22,45278,116432,2275,1200,46478,47679,0.281
n4_matching,A*,h5,completo,4,—,True,meta,70,22,45278,116432,2275,1200,46478,47679,0.279
n4_matching,A*,h5,completo,5,—,True,meta,70,22,45278,116432,2275,1200,46478,47679,0.280
n4_matching,A*,h6,completo,1,—,True,meta,70,22,43628,112190,3265,1778,45342,47121,0.356
n4_matching,A*,h6,completo,2,—,True,meta,70,22,43628,112190,3265,1778,45342,47121,0.333
n4_matching,A*,h6,completo,3,—,True,meta,70,22,43628,112190,3265,1778,45342,47121,0.334
n4_matching,A*,h6,completo,4,—,True,meta,70,22,43628,112190,3265,1778,45342,47121,0.335
n4_matching,A*,h6,completo,5,—,True,meta,70,22,43628,112190,3265,1778,45342,47121,0.334
n4_matching,A*,hna,completo,1,—,True,meta,70,22,26760,69237,2356,2153,28558,30712,0.191
n4_matching,A*,hna,completo,2,—,True,meta,70,22,26760,69237,2356,2153,28558,30712,0.175
n4_matching,A*,hna,completo,3,—,True,meta,70,22,26760,69237,2356,2153,28558,30712,0.174
n4_matching,A*,hna,completo,4,—,True,meta,70,22,26760,69237,2356,2153,28558,30712,0.175
n4_matching,A*,hna,completo,5,—,True,meta,70,22,26760,69237,2356,2153,28558,30712,0.171
n4_matching,A*,hna4,completo,1,—,True,meta,82,26,1566,4039,276,275,1396,1672,0.009
n4_matching,A*,hna4,completo,2,—,True,meta,82,26,1566,4039,276,275,1396,1672,0.009
n4_matching,A*,hna4,completo,3,—,True,meta,82,26,1566,4039,276,275,1396,1672,0.009
n4_matching,A*,hna4,completo,4,—,True,meta,82,26,1566,4039,276,275,1396,1672,0.009
n4_matching,A*,hna4,completo,5,—,True,meta,82,26,1566,4039,276,275,1396,1672,0.009
n5_limite,A*,h0,completo,1,—,True,meta,306,99,429817,1064551,4917,99,429917,430017,2.603
n5_limite,A*,h0,completo,2,—,True,meta,306,99,429817,1064551,4917,99,429917,430017,2.628
n5_limite,A*,h0,completo,3,—,True,meta,306,99,429817,1064551,4917,99,429917,430017,2.646
n5_limite,A*,h0,completo,4,—,True,meta,306,99,429817,1064551,4917,99,429917,430017,2.638
n5_limite,A*,h0,completo,5,—,True,meta,306,99,429817,1064551,4917,99,429917,430017,2.587
n5_limite,A*,h1,completo,1,—,True,meta,306,99,429708,1064301,4917,110,429819,429930,2.277
n5_limite,A*,h1,completo,2,—,True,meta,306,99,429708,1064301,4917,110,429819,429930,2.310
n5_limite,A*,h1,completo,3,—,True,meta,306,99,429708,1064301,4917,110,429819,429930,2.270
n5_limite,A*,h1,completo,4,—,True,meta,306,99,429708,1064301,4917,110,429819,429930,2.141
n5_limite,A*,h1,completo,5,—,True,meta,306,99,429708,1064301,4917,110,429819,429930,2.177
n5_limite,A*,h2,completo,1,—,True,meta,306,99,429526,1063890,4974,147,429674,429822,2.691
n5_limite,A*,h2,completo,2,—,True,meta,306,99,429526,1063890,4974,147,429674,429822,2.712
n5_limite,A*,h2,completo,3,—,True,meta,306,99,429526,1063890,4974,147,429674,429822,2.749
n5_limite,A*,h2,completo,4,—,True,meta,306,99,429526,1063890,4974,147,429674,429822,2.818
n5_limite,A*,h2,completo,5,—,True,meta,306,99,429526,1063890,4974,147,429674,429822,2.750
n5_limite,A*,h3,completo,1,—,True,meta,306,99,428558,1061698,5403,244,428803,429048,2.885
n5_limite,A*,h3,completo,2,—,True,meta,306,99,428558,1061698,5403,244,428803,429048,2.897
n5_limite,A*,h3,completo,3,—,True,meta,306,99,428558,1061698,5403,244,428803,429048,2.906
n5_limite,A*,h3,completo,4,—,True,meta,306,99,428558,1061698,5403,244,428803,429048,2.978
n5_limite,A*,h3,completo,5,—,True,meta,306,99,428558,1061698,5403,244,428803,429048,2.962
n5_limite,A*,h4,completo,1,—,True,meta,306,99,427520,1059289,5635,336,427857,428194,2.796
n5_limite,A*,h4,completo,2,—,True,meta,306,99,427520,1059289,5635,336,427857,428194,2.822
n5_limite,A*,h4,completo,3,—,True,meta,306,99,427520,1059289,5635,336,427857,428194,2.829
n5_limite,A*,h4,completo,4,—,True,meta,306,99,427520,1059289,5635,336,427857,428194,2.884
n5_limite,A*,h4,completo,5,—,True,meta,306,99,427520,1059289,5635,336,427857,428194,2.891
n5_limite,A*,h5,completo,1,—,True,meta,306,99,427520,1059289,7286,336,427857,428194,2.948
n5_limite,A*,h5,completo,2,—,True,meta,306,99,427520,1059289,7286,336,427857,428194,2.860
n5_limite,A*,h5,completo,3,—,True,meta,306,99,427520,1059289,7286,336,427857,428194,2.864
n5_limite,A*,h5,completo,4,—,True,meta,306,99,427520,1059289,7286,336,427857,428194,2.908
n5_limite,A*,h5,completo,5,—,True,meta,306,99,427520,1059289,7286,336,427857,428194,2.901
n5_limite,A*,h6,completo,1,—,True,meta,306,99,426808,1057589,10434,401,427199,427601,3.563
n5_limite,A*,h6,completo,2,—,True,meta,306,99,426808,1057589,10434,401,427199,427601,3.572
n5_limite,A*,h6,completo,3,—,True,meta,306,99,426808,1057589,10434,401,427199,427601,3.557
n5_limite,A*,h6,completo,4,—,True,meta,306,99,426808,1057589,10434,401,427199,427601,3.606
n5_limite,A*,h6,completo,5,—,True,meta,306,99,426808,1057589,10434,401,427199,427601,3.665
n5_limite,A*,hna,completo,1,—,True,meta,306,99,452237,1124135,8484,232,426269,426502,3.205
n5_limite,A*,hna,completo,2,—,True,meta,306,99,452237,1124135,8484,232,426269,426502,3.144
n5_limite,A*,hna,completo,3,—,True,meta,306,99,452237,1124135,8484,232,426269,426502,3.139
n5_limite,A*,hna,completo,4,—,True,meta,306,99,452237,1124135,8484,232,426269,426502,3.170
n5_limite,A*,hna,completo,5,—,True,meta,306,99,452237,1124135,8484,232,426269,426502,3.100
n5_limite,A*,hna4,completo,1,—,True,meta,306,99,1362839,3356326,10682,133,424260,424394,9.780
n5_limite,A*,hna4,completo,2,—,True,meta,306,99,1362839,3356326,10682,133,424260,424394,9.639
n5_limite,A*,hna4,completo,3,—,True,meta,306,99,1362839,3356326,10682,133,424260,424394,9.723
n5_limite,A*,hna4,completo,4,—,True,meta,306,99,1362839,3356326,10682,133,424260,424394,9.757
n5_limite,A*,hna4,completo,5,—,True,meta,306,99,1362839,3356326,10682,133,424260,424394,9.752
